skill_name,namespace,tier,lines,subdirs,moat_status,m1_evals,m1b_count,m2_fp,m2b_edge,m3_refs,m4_template,m4b_legacy,m5_evidence,structural_pass,gaps
0001-input-analysis,javier-montano,partial,68,1,MOAT,PASS,PASS,PASS,PASS,PASS,PASS,PASS,PASS,PASS,none
0002-asis-analysis,javier-montano,partial,68,1,MOAT,PASS,PASS,PASS,PASS,PASS,PASS,PASS,PASS,PASS,none
0003-flow-mapping,javier-montano,partial,68,1,MOAT,PASS,PASS,PASS,PASS,PASS,PASS,PASS,PASS,PASS,none
0004-stakeholder-mapping,javier-montano,partial,68,1,MOAT,PASS,PASS,PASS,PASS,PASS,PASS,PASS,PASS,PASS,none
0005-competitive-intelligence,javier-montano,partial,68,1,MOAT,PASS,PASS,PASS,PASS,PASS,PASS,PASS,PASS,PASS,none
0006-scenario-analysis,javier-montano,partial,68,1,MOAT,PASS,PASS,PASS,PASS,PASS,PASS,PASS,PASS,PASS,none
0007-risk-assessment,javier-montano,partial,68,1,MOAT,PASS,PASS,PASS,PASS,PASS,PASS,PASS,PASS,PASS,none
0008-cost-estimation,javier-montano,partial,68,1,MOAT,PASS,PASS,PASS,PASS,PASS,PASS,PASS,PASS,PASS,none
0009-technical-feasibility,javier-montano,partial,68,1,MOAT,PASS,PASS,PASS,PASS,PASS,PASS,PASS,PASS,PASS,none
0010-dependency-analysis,javier-montano,partial,68,1,MOAT,PASS,PASS,PASS,PASS,PASS,PASS,PASS,PASS,PASS,none
0011-assumption-log,javier-montano,partial,68,1,MOAT,PASS,PASS,PASS,PASS,PASS,PASS,PASS,PASS,PASS,none
0012-user-story-writer,javier-montano,partial,68,1,MOAT,PASS,PASS,PASS,PASS,PASS,PASS,PASS,PASS,PASS,none
0013-product-strategy,javier-montano,partial,68,1,MOAT,PASS,PASS,PASS,PASS,PASS,PASS,PASS,PASS,PASS,none
0014-functional-spec,javier-montano,partial,68,1,MOAT,PASS,PASS,PASS,PASS,PASS,PASS,PASS,PASS,PASS,none
0015-discovery-orchestrator,javier-montano,partial,68,1,MOAT,PASS,PASS,PASS,PASS,PASS,PASS,PASS,PASS,PASS,none
0016-analytics-events,javier-montano,near-moat,53,5,MOAT,PASS,PASS,PASS,PASS,PASS,PASS,PASS,PASS,PASS,none
0017-asis-analysis,javier-montano,near-moat,250,4,MOAT,PASS,PASS,PASS,PASS,PASS,PASS,PASS,PASS,PASS,none
0018-b2b-outreach,javier-montano,near-moat,85,5,MOAT,PASS,PASS,PASS,PASS,PASS,PASS,PASS,PASS,PASS,none
0019-benchmark-skill,javier-montano,partial,215,2,MOAT,PASS,PASS,PASS,PASS,PASS,PASS,PASS,PASS,PASS,none
0020-benchmarking-analysis,javier-montano,near-moat,53,5,MOAT,PASS,PASS,PASS,PASS,PASS,PASS,PASS,PASS,PASS,none
0021-budget-management,javier-montano,near-moat,53,5,MOAT,PASS,PASS,PASS,PASS,PASS,PASS,PASS,PASS,PASS,none
0022-business-process-modeling,javier-montano,near-moat,91,5,MOAT,PASS,PASS,PASS,PASS,PASS,PASS,PASS,PASS,PASS,none
0023-capacity-planning,javier-montano,near-moat,146,5,MOAT,PASS,PASS,PASS,PASS,PASS,PASS,PASS,PASS,PASS,none
0024-case-study-writing,javier-montano,near-moat,53,5,MOAT,PASS,PASS,PASS,PASS,PASS,PASS,PASS,PASS,PASS,none
0025-change-management-enterprise,javier-montano,near-moat,53,5,MOAT,PASS,PASS,PASS,PASS,PASS,PASS,PASS,PASS,PASS,none
0026-change-readiness,javier-montano,near-moat,96,5,MOAT,PASS,PASS,PASS,PASS,PASS,PASS,PASS,PASS,PASS,none
0027-client-browser-audit,javier-montano,near-moat,148,5,MOAT,PASS,PASS,PASS,PASS,PASS,PASS,PASS,PASS,PASS,none
0028-client-dossier,javier-montano,near-moat,90,5,MOAT,PASS,PASS,PASS,PASS,PASS,PASS,PASS,PASS,PASS,none
0029-client-prospecting,javier-montano,near-moat,90,5,MOAT,PASS,PASS,PASS,PASS,PASS,PASS,PASS,PASS,PASS,none
0030-cohort-analysis,javier-montano,near-moat,53,5,MOAT,PASS,PASS,PASS,PASS,PASS,PASS,PASS,PASS,PASS,none
0031-commercial-model,javier-montano,near-moat,252,4,MOAT,PASS,PASS,PASS,PASS,PASS,PASS,PASS,PASS,PASS,none
0032-competitive-positioning,javier-montano,near-moat,85,5,MOAT,PASS,PASS,PASS,PASS,PASS,PASS,PASS,PASS,PASS,none
0033-constitution-compliance,javier-montano,partial,73,2,MOAT,PASS,PASS,PASS,PASS,PASS,PASS,PASS,PASS,PASS,none
0034-contract-review,javier-montano,near-moat,53,5,MOAT,PASS,PASS,PASS,PASS,PASS,PASS,PASS,PASS,PASS,none
0035-conversion-optimization,javier-montano,near-moat,85,5,MOAT,PASS,PASS,PASS,PASS,PASS,PASS,PASS,PASS,PASS,none
0036-cost-estimation,javier-montano,near-moat,269,4,MOAT,PASS,PASS,PASS,PASS,PASS,PASS,PASS,PASS,PASS,none
0037-cv-enhancement,javier-montano,near-moat,90,5,MOAT,PASS,PASS,PASS,PASS,PASS,PASS,PASS,PASS,PASS,none
0038-cv-transformer,javier-montano,partial,291,2,MOAT,PASS,PASS,PASS,PASS,PASS,PASS,PASS,PASS,PASS,none
0039-data-visualization,javier-montano,near-moat,102,5,MOAT,PASS,PASS,PASS,PASS,PASS,PASS,PASS,PASS,PASS,none
0040-dependency-analysis,javier-montano,near-moat,191,5,MOAT,PASS,PASS,PASS,PASS,PASS,PASS,PASS,PASS,PASS,none
0041-dependency-management,javier-montano,near-moat,53,5,MOAT,PASS,PASS,PASS,PASS,PASS,PASS,PASS,PASS,PASS,none
0042-discovery-handover,javier-montano,near-moat,338,4,MOAT,PASS,PASS,PASS,PASS,PASS,PASS,PASS,PASS,PASS,none
0043-discovery-orchestration,javier-montano,near-moat,102,5,MOAT,PASS,PASS,PASS,PASS,PASS,PASS,PASS,PASS,PASS,none
0044-discovery-orchestrator,javier-montano,near-moat,283,5,MOAT,PASS,PASS,PASS,PASS,PASS,PASS,PASS,PASS,PASS,none
0045-discovery-retrospective,javier-montano,near-moat,144,5,MOAT,PASS,PASS,PASS,PASS,PASS,PASS,PASS,PASS,PASS,none
0046-dynamic-sme,javier-montano,near-moat,198,4,MOAT,PASS,PASS,PASS,PASS,PASS,PASS,PASS,PASS,PASS,none
0047-executive-pitch,javier-montano,near-moat,194,4,MOAT,PASS,PASS,PASS,PASS,PASS,PASS,PASS,PASS,PASS,none
0048-feasibility-validation,javier-montano,near-moat,95,5,MOAT,PASS,PASS,PASS,PASS,PASS,PASS,PASS,PASS,PASS,none
0049-finops,javier-montano,partial,408,2,MOAT,PASS,PASS,PASS,PASS,PASS,PASS,PASS,PASS,PASS,none
0050-flow-mapping,javier-montano,near-moat,255,4,MOAT,PASS,PASS,PASS,PASS,PASS,PASS,PASS,PASS,PASS,none
0051-functional-spec,javier-montano,near-moat,181,4,MOAT,PASS,PASS,PASS,PASS,PASS,PASS,PASS,PASS,PASS,none
0052-functional-toolbelt,javier-montano,near-moat,277,4,MOAT,PASS,PASS,PASS,PASS,PASS,PASS,PASS,PASS,PASS,none
0053-funnel-analytics,javier-montano,near-moat,53,5,MOAT,PASS,PASS,PASS,PASS,PASS,PASS,PASS,PASS,PASS,none
0054-governance-framework,javier-montano,near-moat,134,5,MOAT,PASS,PASS,PASS,PASS,PASS,PASS,PASS,PASS,PASS,none
0055-incident-response,javier-montano,near-moat,53,5,MOAT,PASS,PASS,PASS,PASS,PASS,PASS,PASS,PASS,PASS,none
0056-input-analysis,javier-montano,near-moat,138,5,MOAT,PASS,PASS,PASS,PASS,PASS,PASS,PASS,PASS,PASS,none
0057-input-analyst,javier-montano,partial,187,3,MOAT,PASS,PASS,PASS,PASS,PASS,PASS,PASS,PASS,PASS,none
0058-input-sanitization,javier-montano,near-moat,126,5,MOAT,PASS,PASS,PASS,PASS,PASS,PASS,PASS,PASS,PASS,none
0059-input-tolerance,javier-montano,partial,73,2,MOAT,PASS,PASS,PASS,PASS,PASS,PASS,PASS,PASS,PASS,none
0060-integrity-chain-validation,javier-montano,near-moat,118,5,MOAT,PASS,PASS,PASS,PASS,PASS,PASS,PASS,PASS,PASS,none
0061-kpi-framework,javier-montano,near-moat,53,5,MOAT,PASS,PASS,PASS,PASS,PASS,PASS,PASS,PASS,PASS,none
0062-lead-generation,javier-montano,near-moat,85,5,MOAT,PASS,PASS,PASS,PASS,PASS,PASS,PASS,PASS,PASS,none
0063-market-intelligence,javier-montano,near-moat,90,5,MOAT,PASS,PASS,PASS,PASS,PASS,PASS,PASS,PASS,PASS,none
0064-maturity-assessment,javier-montano,near-moat,196,5,MOAT,PASS,PASS,PASS,PASS,PASS,PASS,PASS,PASS,PASS,none
0065-okr-design,javier-montano,near-moat,53,5,MOAT,PASS,PASS,PASS,PASS,PASS,PASS,PASS,PASS,PASS,none
0066-partnership-strategy,javier-montano,near-moat,85,5,MOAT,PASS,PASS,PASS,PASS,PASS,PASS,PASS,PASS,PASS,none
0067-performance-architecture,javier-montano,near-moat,95,5,MOAT,PASS,PASS,PASS,PASS,PASS,PASS,PASS,PASS,PASS,none
0068-poc-lab,javier-montano,near-moat,300,5,MOAT,PASS,PASS,PASS,PASS,PASS,PASS,PASS,PASS,PASS,none
0069-pricing-strategy,javier-montano,near-moat,85,5,MOAT,PASS,PASS,PASS,PASS,PASS,PASS,PASS,PASS,PASS,none
0070-product-roadmapping,javier-montano,near-moat,91,5,MOAT,PASS,PASS,PASS,PASS,PASS,PASS,PASS,PASS,PASS,none
0071-project-program-management,javier-montano,near-moat,366,4,MOAT,PASS,PASS,PASS,PASS,PASS,PASS,PASS,PASS,PASS,none
0072-proposal-writing,javier-montano,near-moat,53,5,MOAT,PASS,PASS,PASS,PASS,PASS,PASS,PASS,PASS,PASS,none
0073-reporting-templates,javier-montano,near-moat,53,5,MOAT,PASS,PASS,PASS,PASS,PASS,PASS,PASS,PASS,PASS,none
0074-requirements-engineering,javier-montano,near-moat,90,5,MOAT,PASS,PASS,PASS,PASS,PASS,PASS,PASS,PASS,PASS,none
0075-retrospective-facilitation,javier-montano,near-moat,53,5,MOAT,PASS,PASS,PASS,PASS,PASS,PASS,PASS,PASS,PASS,none
0076-risk-assessment,javier-montano,near-moat,92,5,MOAT,PASS,PASS,PASS,PASS,PASS,PASS,PASS,PASS,PASS,none
0077-risk-controlling-dynamics,javier-montano,near-moat,412,4,MOAT,PASS,PASS,PASS,PASS,PASS,PASS,PASS,PASS,PASS,none
0078-sales-collateral,javier-montano,near-moat,85,5,MOAT,PASS,PASS,PASS,PASS,PASS,PASS,PASS,PASS,PASS,none
0079-scenario-analysis,javier-montano,near-moat,216,4,MOAT,PASS,PASS,PASS,PASS,PASS,PASS,PASS,PASS,PASS,none
0080-sla-definition,javier-montano,near-moat,53,5,MOAT,PASS,PASS,PASS,PASS,PASS,PASS,PASS,PASS,PASS,none
0081-software-viability,javier-montano,near-moat,261,4,MOAT,PASS,PASS,PASS,PASS,PASS,PASS,PASS,PASS,PASS,none
0082-stakeholder-mapping,javier-montano,near-moat,228,4,MOAT,PASS,PASS,PASS,PASS,PASS,PASS,PASS,PASS,PASS,none
0083-survey-design,javier-montano,near-moat,53,5,MOAT,PASS,PASS,PASS,PASS,PASS,PASS,PASS,PASS,PASS,none
0084-technical-feasibility,javier-montano,near-moat,248,4,MOAT,PASS,PASS,PASS,PASS,PASS,PASS,PASS,PASS,PASS,none
0085-testing-strategy,javier-montano,near-moat,332,4,MOAT,PASS,PASS,PASS,PASS,PASS,PASS,PASS,PASS,PASS,none
0086-trade-off-analysis,javier-montano,near-moat,97,5,MOAT,PASS,PASS,PASS,PASS,PASS,PASS,PASS,PASS,PASS,none
0087-user-representative,javier-montano,near-moat,212,4,MOAT,PASS,PASS,PASS,PASS,PASS,PASS,PASS,PASS,PASS,none
0088-user-research,javier-montano,near-moat,91,5,MOAT,PASS,PASS,PASS,PASS,PASS,PASS,PASS,PASS,PASS,none
0089-user-testing,javier-montano,near-moat,53,5,MOAT,PASS,PASS,PASS,PASS,PASS,PASS,PASS,PASS,PASS,none
0090-ux-writing,javier-montano,near-moat,265,4,MOAT,PASS,PASS,PASS,PASS,PASS,PASS,PASS,PASS,PASS,none
0091-vendor-evaluation,javier-montano,near-moat,53,5,MOAT,PASS,PASS,PASS,PASS,PASS,PASS,PASS,PASS,PASS,none
1001-system-design,javier-montano,partial,48,1,MOAT,PASS,PASS,PASS,PASS,PASS,PASS,PASS,PASS,PASS,none
1002-architecture-tobe,javier-montano,partial,49,1,MOAT,PASS,PASS,PASS,PASS,PASS,PASS,PASS,PASS,PASS,none
1003-component-designer,javier-montano,partial,48,1,MOAT,PASS,PASS,PASS,PASS,PASS,PASS,PASS,PASS,PASS,none
1004-responsive-design-system,javier-montano,partial,49,1,MOAT,PASS,PASS,PASS,PASS,PASS,PASS,PASS,PASS,PASS,none
1005-state-management-design,javier-montano,partial,48,1,MOAT,PASS,PASS,PASS,PASS,PASS,PASS,PASS,PASS,PASS,none
1006-data-flow-architecture,javier-montano,partial,49,1,MOAT,PASS,PASS,PASS,PASS,PASS,PASS,PASS,PASS,PASS,none
1007-integration-architecture,javier-montano,partial,49,1,MOAT,PASS,PASS,PASS,PASS,PASS,PASS,PASS,PASS,PASS,none
1008-api-designer,javier-montano,partial,65,1,MOAT,PASS,PASS,PASS,PASS,PASS,PASS,PASS,PASS,PASS,none
1009-database-architecture,javier-montano,partial,48,1,MOAT,PASS,PASS,PASS,PASS,PASS,PASS,PASS,PASS,PASS,none
1010-firebase-architecture,javier-montano,partial,75,1,MOAT,PASS,PASS,PASS,PASS,PASS,PASS,PASS,PASS,PASS,none
1011-auth-architecture,javier-montano,partial,48,1,MOAT,PASS,PASS,PASS,PASS,PASS,PASS,PASS,PASS,PASS,none
1012-pwa-architecture,javier-montano,partial,49,1,MOAT,PASS,PASS,PASS,PASS,PASS,PASS,PASS,PASS,PASS,none
1013-ai-architecture-audit,javier-montano,partial,379,2,MOAT,PASS,PASS,PASS,PASS,PASS,PASS,PASS,PASS,PASS,none
1014-ai-architecture-implementation,javier-montano,partial,366,2,MOAT,PASS,PASS,PASS,PASS,PASS,PASS,PASS,PASS,PASS,none
1015-ai-conops,javier-montano,partial,326,2,MOAT,PASS,PASS,PASS,PASS,PASS,PASS,PASS,PASS,PASS,none
1016-ai-design-patterns,javier-montano,partial,338,2,MOAT,PASS,PASS,PASS,PASS,PASS,PASS,PASS,PASS,PASS,none
1017-ai-pipeline-architecture,javier-montano,partial,295,2,MOAT,PASS,PASS,PASS,PASS,PASS,PASS,PASS,PASS,PASS,none
1018-ai-software-architecture,javier-montano,partial,316,2,MOAT,PASS,PASS,PASS,PASS,PASS,PASS,PASS,PASS,PASS,none
1019-api-architecture,javier-montano,near-moat,305,4,MOAT,PASS,PASS,PASS,PASS,PASS,PASS,PASS,PASS,PASS,none
1020-api-design,javier-montano,near-moat,94,5,MOAT,PASS,PASS,PASS,PASS,PASS,PASS,PASS,PASS,PASS,none
1021-architecture-tobe,javier-montano,near-moat,343,4,MOAT,PASS,PASS,PASS,PASS,PASS,PASS,PASS,PASS,PASS,none
1022-aws-architecture-audit,javier-montano,partial,391,2,MOAT,PASS,PASS,PASS,PASS,PASS,PASS,PASS,PASS,PASS,none
1023-aws-architecture-design,javier-montano,partial,411,2,MOAT,PASS,PASS,PASS,PASS,PASS,PASS,PASS,PASS,PASS,none
1024-aws-architecture-implementation,javier-montano,partial,451,2,MOAT,PASS,PASS,PASS,PASS,PASS,PASS,PASS,PASS,PASS,none
1025-bi-architecture,javier-montano,near-moat,317,4,MOAT,PASS,PASS,PASS,PASS,PASS,PASS,PASS,PASS,PASS,none
1026-chatbot-design,javier-montano,near-moat,53,5,MOAT,PASS,PASS,PASS,PASS,PASS,PASS,PASS,PASS,PASS,none
1027-cloud-functions,javier-montano,near-moat,94,5,MOAT,PASS,PASS,PASS,PASS,PASS,PASS,PASS,PASS,PASS,none
1028-cloud-migration,javier-montano,near-moat,386,4,MOAT,PASS,PASS,PASS,PASS,PASS,PASS,PASS,PASS,PASS,none
1029-cloud-native-architecture,javier-montano,near-moat,353,4,MOAT,PASS,PASS,PASS,PASS,PASS,PASS,PASS,PASS,PASS,none
1030-component-architecture,javier-montano,near-moat,94,5,MOAT,PASS,PASS,PASS,PASS,PASS,PASS,PASS,PASS,PASS,none
1031-data-science-architecture,javier-montano,near-moat,325,4,MOAT,PASS,PASS,PASS,PASS,PASS,PASS,PASS,PASS,PASS,none
1032-database-architecture,javier-montano,near-moat,333,4,MOAT,PASS,PASS,PASS,PASS,PASS,PASS,PASS,PASS,PASS,none
1033-design-critique,javier-montano,near-moat,53,5,MOAT,PASS,PASS,PASS,PASS,PASS,PASS,PASS,PASS,PASS,none
1034-design-system,javier-montano,near-moat,335,4,MOAT,PASS,PASS,PASS,PASS,PASS,PASS,PASS,PASS,PASS,none
1035-devsecops-architecture,javier-montano,near-moat,311,4,MOAT,PASS,PASS,PASS,PASS,PASS,PASS,PASS,PASS,PASS,none
1036-domain-driven-design,javier-montano,near-moat,92,5,MOAT,PASS,PASS,PASS,PASS,PASS,PASS,PASS,PASS,PASS,none
1037-enterprise-architecture,javier-montano,near-moat,318,4,MOAT,PASS,PASS,PASS,PASS,PASS,PASS,PASS,PASS,PASS,none
1038-event-architecture,javier-montano,near-moat,336,4,MOAT,PASS,PASS,PASS,PASS,PASS,PASS,PASS,PASS,PASS,none
1039-genai-architecture,javier-montano,partial,368,2,MOAT,PASS,PASS,PASS,PASS,PASS,PASS,PASS,PASS,PASS,none
1040-infrastructure-architecture,javier-montano,near-moat,283,4,MOAT,PASS,PASS,PASS,PASS,PASS,PASS,PASS,PASS,PASS,none
1041-infrastructure-design,javier-montano,near-moat,95,5,MOAT,PASS,PASS,PASS,PASS,PASS,PASS,PASS,PASS,PASS,none
1042-micro-interactions,javier-montano,near-moat,53,5,MOAT,PASS,PASS,PASS,PASS,PASS,PASS,PASS,PASS,PASS,none
1043-microcopy-writing,javier-montano,near-moat,53,5,MOAT,PASS,PASS,PASS,PASS,PASS,PASS,PASS,PASS,PASS,none
1044-migration-planning,javier-montano,near-moat,97,5,MOAT,PASS,PASS,PASS,PASS,PASS,PASS,PASS,PASS,PASS,none
1045-mobile-architecture,javier-montano,near-moat,346,4,MOAT,PASS,PASS,PASS,PASS,PASS,PASS,PASS,PASS,PASS,none
1046-mobile-assessment,javier-montano,near-moat,394,4,MOAT,PASS,PASS,PASS,PASS,PASS,PASS,PASS,PASS,PASS,none
1047-mobile-patterns,javier-montano,near-moat,53,5,MOAT,PASS,PASS,PASS,PASS,PASS,PASS,PASS,PASS,PASS,none
1048-observability,javier-montano,near-moat,355,4,MOAT,PASS,PASS,PASS,PASS,PASS,PASS,PASS,PASS,PASS,none
1049-realtime-architecture,javier-montano,near-moat,98,5,MOAT,PASS,PASS,PASS,PASS,PASS,PASS,PASS,PASS,PASS,none
1050-roadmap-poc,javier-montano,near-moat,265,4,MOAT,PASS,PASS,PASS,PASS,PASS,PASS,PASS,PASS,PASS,none
1051-schema-evolution,javier-montano,near-moat,53,5,MOAT,PASS,PASS,PASS,PASS,PASS,PASS,PASS,PASS,PASS,none
1052-software-architecture,javier-montano,near-moat,282,4,MOAT,PASS,PASS,PASS,PASS,PASS,PASS,PASS,PASS,PASS,none
1053-solution-roadmap,javier-montano,near-moat,216,4,MOAT,PASS,PASS,PASS,PASS,PASS,PASS,PASS,PASS,PASS,none
1054-solutions-architecture,javier-montano,near-moat,295,4,MOAT,PASS,PASS,PASS,PASS,PASS,PASS,PASS,PASS,PASS,none
1055-state-management,javier-montano,near-moat,94,5,MOAT,PASS,PASS,PASS,PASS,PASS,PASS,PASS,PASS,PASS,none
1056-system-architecture,javier-montano,near-moat,93,5,MOAT,PASS,PASS,PASS,PASS,PASS,PASS,PASS,PASS,PASS,none
1057-team-topology,javier-montano,near-moat,178,5,MOAT,PASS,PASS,PASS,PASS,PASS,PASS,PASS,PASS,PASS,none
1058-voice-interface,javier-montano,near-moat,53,5,MOAT,PASS,PASS,PASS,PASS,PASS,PASS,PASS,PASS,PASS,none
1059-workshop-facilitator,javier-montano,near-moat,222,4,MOAT,PASS,PASS,PASS,PASS,PASS,PASS,PASS,PASS,PASS,none
1060-workshop-proposal,javier-montano,near-moat,90,5,MOAT,PASS,PASS,PASS,PASS,PASS,PASS,PASS,PASS,PASS,none
2001-scaffold-html-css,javier-montano,partial,69,1,MOAT,PASS,PASS,PASS,PASS,PASS,PASS,PASS,PASS,PASS,none
2002-html-semantic-builder,javier-montano,partial,69,1,MOAT,PASS,PASS,PASS,PASS,PASS,PASS,PASS,PASS,PASS,none
2003-css-architecture,javier-montano,partial,69,1,MOAT,PASS,PASS,PASS,PASS,PASS,PASS,PASS,PASS,PASS,none
2004-javascript-patterns,javier-montano,partial,69,1,MOAT,PASS,PASS,PASS,PASS,PASS,PASS,PASS,PASS,PASS,none
2005-scaffold-react-app,javier-montano,partial,69,1,MOAT,PASS,PASS,PASS,PASS,PASS,PASS,PASS,PASS,PASS,none
2006-react-component-library,javier-montano,partial,69,1,MOAT,PASS,PASS,PASS,PASS,PASS,PASS,PASS,PASS,PASS,none
2007-scaffold-angular-app,javier-montano,partial,69,1,MOAT,PASS,PASS,PASS,PASS,PASS,PASS,PASS,PASS,PASS,none
2008-angular-module-builder,javier-montano,partial,69,1,MOAT,PASS,PASS,PASS,PASS,PASS,PASS,PASS,PASS,PASS,none
2009-form-builder,javier-montano,partial,69,1,MOAT,PASS,PASS,PASS,PASS,PASS,PASS,PASS,PASS,PASS,none
2010-ui-kit-builder,javier-montano,partial,69,1,MOAT,PASS,PASS,PASS,PASS,PASS,PASS,PASS,PASS,PASS,none
2011-animation-motion,javier-montano,partial,69,1,MOAT,PASS,PASS,PASS,PASS,PASS,PASS,PASS,PASS,PASS,none
2012-spa-routing,javier-montano,partial,69,1,MOAT,PASS,PASS,PASS,PASS,PASS,PASS,PASS,PASS,PASS,none
2013-data-visualization,javier-montano,partial,69,1,MOAT,PASS,PASS,PASS,PASS,PASS,PASS,PASS,PASS,PASS,none
2014-landing-page-builder,javier-montano,partial,69,1,MOAT,PASS,PASS,PASS,PASS,PASS,PASS,PASS,PASS,PASS,none
2015-email-template-builder,javier-montano,partial,69,1,MOAT,PASS,PASS,PASS,PASS,PASS,PASS,PASS,PASS,PASS,none
2016-accessibility-design,javier-montano,near-moat,94,5,MOAT,PASS,PASS,PASS,PASS,PASS,PASS,PASS,PASS,PASS,none
2017-accessibility-writing,javier-montano,near-moat,53,5,MOAT,PASS,PASS,PASS,PASS,PASS,PASS,PASS,PASS,PASS,none
2018-admin-dashboards,javier-montano,near-moat,92,5,MOAT,PASS,PASS,PASS,PASS,PASS,PASS,PASS,PASS,PASS,none
2019-angular-development,javier-montano,near-moat,96,5,MOAT,PASS,PASS,PASS,PASS,PASS,PASS,PASS,PASS,PASS,none
2020-animation-principles,javier-montano,near-moat,53,5,MOAT,PASS,PASS,PASS,PASS,PASS,PASS,PASS,PASS,PASS,none
2021-blog-cms,javier-montano,near-moat,92,5,MOAT,PASS,PASS,PASS,PASS,PASS,PASS,PASS,PASS,PASS,none
2022-brand-docx,javier-montano,partial,289,2,MOAT,PASS,PASS,PASS,PASS,PASS,PASS,PASS,PASS,PASS,none
2023-brand-html,javier-montano,partial,178,2,MOAT,PASS,PASS,PASS,PASS,PASS,PASS,PASS,PASS,PASS,none
2024-brand-voice,javier-montano,partial,197,2,MOAT,PASS,PASS,PASS,PASS,PASS,PASS,PASS,PASS,PASS,none
2025-brand-xlsx,javier-montano,partial,279,2,MOAT,PASS,PASS,PASS,PASS,PASS,PASS,PASS,PASS,PASS,none
2026-branded-html-output,javier-montano,near-moat,90,5,MOAT,PASS,PASS,PASS,PASS,PASS,PASS,PASS,PASS,PASS,none
2027-color-theory,javier-montano,near-moat,53,5,MOAT,PASS,PASS,PASS,PASS,PASS,PASS,PASS,PASS,PASS,none
2028-css-animation,javier-montano,near-moat,98,5,MOAT,PASS,PASS,PASS,PASS,PASS,PASS,PASS,PASS,PASS,none
2029-dark-mode,javier-montano,near-moat,93,5,MOAT,PASS,PASS,PASS,PASS,PASS,PASS,PASS,PASS,PASS,none
2030-dashboard-design,javier-montano,near-moat,53,5,MOAT,PASS,PASS,PASS,PASS,PASS,PASS,PASS,PASS,PASS,none
2031-ecommerce-frontend,javier-montano,near-moat,92,5,MOAT,PASS,PASS,PASS,PASS,PASS,PASS,PASS,PASS,PASS,none
2032-email-templates,javier-montano,near-moat,92,5,MOAT,PASS,PASS,PASS,PASS,PASS,PASS,PASS,PASS,PASS,none
2033-empty-states,javier-montano,near-moat,53,5,MOAT,PASS,PASS,PASS,PASS,PASS,PASS,PASS,PASS,PASS,none
2034-font-optimization,javier-montano,near-moat,92,5,MOAT,PASS,PASS,PASS,PASS,PASS,PASS,PASS,PASS,PASS,none
2035-form-engineering,javier-montano,near-moat,98,5,MOAT,PASS,PASS,PASS,PASS,PASS,PASS,PASS,PASS,PASS,none
2036-form-ux-advanced,javier-montano,near-moat,53,5,MOAT,PASS,PASS,PASS,PASS,PASS,PASS,PASS,PASS,PASS,none
2037-grid-systems,javier-montano,near-moat,53,5,MOAT,PASS,PASS,PASS,PASS,PASS,PASS,PASS,PASS,PASS,none
2038-html-brand,javier-montano,near-moat,358,4,MOAT,PASS,PASS,PASS,PASS,PASS,PASS,PASS,PASS,PASS,none
2039-html-semantic,javier-montano,near-moat,95,5,MOAT,PASS,PASS,PASS,PASS,PASS,PASS,PASS,PASS,PASS,none
2040-iconography,javier-montano,near-moat,53,5,MOAT,PASS,PASS,PASS,PASS,PASS,PASS,PASS,PASS,PASS,none
2041-landing-pages,javier-montano,near-moat,92,5,MOAT,PASS,PASS,PASS,PASS,PASS,PASS,PASS,PASS,PASS,none
2042-modal-dialog-patterns,javier-montano,near-moat,93,5,MOAT,PASS,PASS,PASS,PASS,PASS,PASS,PASS,PASS,PASS,none
2043-motion-design,javier-montano,near-moat,53,5,MOAT,PASS,PASS,PASS,PASS,PASS,PASS,PASS,PASS,PASS,none
2044-navigation-patterns,javier-montano,near-moat,92,5,MOAT,PASS,PASS,PASS,PASS,PASS,PASS,PASS,PASS,PASS,none
2045-newsletter-design,javier-montano,near-moat,85,5,MOAT,PASS,PASS,PASS,PASS,PASS,PASS,PASS,PASS,PASS,none
2046-notification-ux,javier-montano,near-moat,53,5,MOAT,PASS,PASS,PASS,PASS,PASS,PASS,PASS,PASS,PASS,none
2047-onboarding-ux,javier-montano,near-moat,85,5,MOAT,PASS,PASS,PASS,PASS,PASS,PASS,PASS,PASS,PASS,none
2048-portfolio-sites,javier-montano,near-moat,92,5,MOAT,PASS,PASS,PASS,PASS,PASS,PASS,PASS,PASS,PASS,none
2049-presentation-design,javier-montano,near-moat,53,5,MOAT,PASS,PASS,PASS,PASS,PASS,PASS,PASS,PASS,PASS,none
2050-print-stylesheet,javier-montano,near-moat,93,5,MOAT,PASS,PASS,PASS,PASS,PASS,PASS,PASS,PASS,PASS,none
2051-prototyping,javier-montano,near-moat,53,5,MOAT,PASS,PASS,PASS,PASS,PASS,PASS,PASS,PASS,PASS,none
2052-react-development,javier-montano,near-moat,96,5,MOAT,PASS,PASS,PASS,PASS,PASS,PASS,PASS,PASS,PASS,none
2053-scroll-interaction,javier-montano,near-moat,92,5,MOAT,PASS,PASS,PASS,PASS,PASS,PASS,PASS,PASS,PASS,none
2054-search-ux,javier-montano,near-moat,53,5,MOAT,PASS,PASS,PASS,PASS,PASS,PASS,PASS,PASS,PASS,none
2055-social-proof,javier-montano,near-moat,85,5,MOAT,PASS,PASS,PASS,PASS,PASS,PASS,PASS,PASS,PASS,none
2056-table-ux,javier-montano,near-moat,53,5,MOAT,PASS,PASS,PASS,PASS,PASS,PASS,PASS,PASS,PASS,none
2057-typescript-patterns,javier-montano,near-moat,96,5,MOAT,PASS,PASS,PASS,PASS,PASS,PASS,PASS,PASS,PASS,none
2058-typography-advanced,javier-montano,near-moat,53,5,MOAT,PASS,PASS,PASS,PASS,PASS,PASS,PASS,PASS,PASS,none
2059-vanilla-javascript,javier-montano,near-moat,95,5,MOAT,PASS,PASS,PASS,PASS,PASS,PASS,PASS,PASS,PASS,none
2060-web-components,javier-montano,near-moat,91,5,MOAT,PASS,PASS,PASS,PASS,PASS,PASS,PASS,PASS,PASS,none
3001-node-api-builder,javier-montano,partial,70,1,MOAT,PASS,PASS,PASS,PASS,PASS,PASS,PASS,PASS,PASS,none
3002-firebase-functions,javier-montano,partial,70,1,MOAT,PASS,PASS,PASS,PASS,PASS,PASS,PASS,PASS,PASS,none
3003-server-middleware,javier-montano,partial,70,1,MOAT,PASS,PASS,PASS,PASS,PASS,PASS,PASS,PASS,PASS,none
3004-webhook-handler,javier-montano,partial,70,1,MOAT,PASS,PASS,PASS,PASS,PASS,PASS,PASS,PASS,PASS,none
3005-background-jobs,javier-montano,partial,70,1,MOAT,PASS,PASS,PASS,PASS,PASS,PASS,PASS,PASS,PASS,none
3006-notification-service,javier-montano,partial,70,1,MOAT,PASS,PASS,PASS,PASS,PASS,PASS,PASS,PASS,PASS,none
3007-file-storage,javier-montano,partial,70,1,MOAT,PASS,PASS,PASS,PASS,PASS,PASS,PASS,PASS,PASS,none
3008-google-apis-integration,javier-montano,partial,70,1,MOAT,PASS,PASS,PASS,PASS,PASS,PASS,PASS,PASS,PASS,none
3009-firebase-extensions,javier-montano,partial,70,1,MOAT,PASS,PASS,PASS,PASS,PASS,PASS,PASS,PASS,PASS,none
3010-error-handling-patterns,javier-montano,partial,70,1,MOAT,PASS,PASS,PASS,PASS,PASS,PASS,PASS,PASS,PASS,none
3011-caching-strategy,javier-montano,partial,70,1,MOAT,PASS,PASS,PASS,PASS,PASS,PASS,PASS,PASS,PASS,none
3012-serverless-patterns,javier-montano,partial,70,1,MOAT,PASS,PASS,PASS,PASS,PASS,PASS,PASS,PASS,PASS,none
3013-api-documentation,javier-montano,near-moat,79,5,MOAT,PASS,PASS,PASS,PASS,PASS,PASS,PASS,PASS,PASS,none
3014-cdn-configuration,javier-montano,near-moat,53,5,MOAT,PASS,PASS,PASS,PASS,PASS,PASS,PASS,PASS,PASS,none
3015-email-sending,javier-montano,near-moat,93,5,MOAT,PASS,PASS,PASS,PASS,PASS,PASS,PASS,PASS,PASS,none
3016-error-handling,javier-montano,near-moat,79,5,MOAT,PASS,PASS,PASS,PASS,PASS,PASS,PASS,PASS,PASS,none
3017-error-messaging,javier-montano,near-moat,53,5,MOAT,PASS,PASS,PASS,PASS,PASS,PASS,PASS,PASS,PASS,none
3018-error-recovery-automation,javier-montano,near-moat,53,5,MOAT,PASS,PASS,PASS,PASS,PASS,PASS,PASS,PASS,PASS,none
3019-file-watcher,javier-montano,near-moat,53,5,MOAT,PASS,PASS,PASS,PASS,PASS,PASS,PASS,PASS,PASS,none
3020-firebase-extensions,javier-montano,near-moat,92,5,MOAT,PASS,PASS,PASS,PASS,PASS,PASS,PASS,PASS,PASS,none
3021-firebase-setup,javier-montano,near-moat,93,5,MOAT,PASS,PASS,PASS,PASS,PASS,PASS,PASS,PASS,PASS,none
3022-firebase-storage,javier-montano,near-moat,93,5,MOAT,PASS,PASS,PASS,PASS,PASS,PASS,PASS,PASS,PASS,none
3023-google-maps-integration,javier-montano,near-moat,101,5,MOAT,PASS,PASS,PASS,PASS,PASS,PASS,PASS,PASS,PASS,none
3024-google-workspace-apis,javier-montano,near-moat,93,5,MOAT,PASS,PASS,PASS,PASS,PASS,PASS,PASS,PASS,PASS,none
3025-health-check-automation,javier-montano,near-moat,53,5,MOAT,PASS,PASS,PASS,PASS,PASS,PASS,PASS,PASS,PASS,none
3026-node-development,javier-montano,near-moat,93,5,MOAT,PASS,PASS,PASS,PASS,PASS,PASS,PASS,PASS,PASS,none
3027-notification-handler,javier-montano,near-moat,53,5,MOAT,PASS,PASS,PASS,PASS,PASS,PASS,PASS,PASS,PASS,none
3028-parallel-workflow,javier-montano,near-moat,141,5,MOAT,PASS,PASS,PASS,PASS,PASS,PASS,PASS,PASS,PASS,none
3029-payment-integration,javier-montano,near-moat,94,5,MOAT,PASS,PASS,PASS,PASS,PASS,PASS,PASS,PASS,PASS,none
3030-push-notifications,javier-montano,near-moat,94,5,MOAT,PASS,PASS,PASS,PASS,PASS,PASS,PASS,PASS,PASS,none
3031-rate-limiting,javier-montano,near-moat,53,5,MOAT,PASS,PASS,PASS,PASS,PASS,PASS,PASS,PASS,PASS,none
3032-rest-api-development,javier-montano,near-moat,93,5,MOAT,PASS,PASS,PASS,PASS,PASS,PASS,PASS,PASS,PASS,none
3033-scheduled-functions,javier-montano,near-moat,93,5,MOAT,PASS,PASS,PASS,PASS,PASS,PASS,PASS,PASS,PASS,none
3034-serverless-patterns,javier-montano,near-moat,93,5,MOAT,PASS,PASS,PASS,PASS,PASS,PASS,PASS,PASS,PASS,none
3035-structured-output,javier-montano,near-moat,53,5,MOAT,PASS,PASS,PASS,PASS,PASS,PASS,PASS,PASS,PASS,none
3036-task-automation,javier-montano,near-moat,53,5,MOAT,PASS,PASS,PASS,PASS,PASS,PASS,PASS,PASS,PASS,none
3037-webhook-handling,javier-montano,near-moat,93,5,MOAT,PASS,PASS,PASS,PASS,PASS,PASS,PASS,PASS,PASS,none
3038-workflow-orchestration,javier-montano,near-moat,53,5,MOAT,PASS,PASS,PASS,PASS,PASS,PASS,PASS,PASS,PASS,none
4001-firestore-schema-design,javier-montano,partial,49,1,MOAT,PASS,PASS,PASS,PASS,PASS,PASS,PASS,PASS,PASS,none
4002-firestore-security-rules,javier-montano,partial,49,1,MOAT,PASS,PASS,PASS,PASS,PASS,PASS,PASS,PASS,PASS,none
4003-realtime-database,javier-montano,partial,49,1,MOAT,PASS,PASS,PASS,PASS,PASS,PASS,PASS,PASS,PASS,none
4004-data-migration,javier-montano,partial,49,1,MOAT,PASS,PASS,PASS,PASS,PASS,PASS,PASS,PASS,PASS,none
4005-data-validation,javier-montano,partial,49,1,MOAT,PASS,PASS,PASS,PASS,PASS,PASS,PASS,PASS,PASS,none
4006-analytics-implementation,javier-montano,partial,49,1,MOAT,PASS,PASS,PASS,PASS,PASS,PASS,PASS,PASS,PASS,none
4007-search-implementation,javier-montano,partial,49,1,MOAT,PASS,PASS,PASS,PASS,PASS,PASS,PASS,PASS,PASS,none
4008-backup-recovery,javier-montano,partial,49,1,MOAT,PASS,PASS,PASS,PASS,PASS,PASS,PASS,PASS,PASS,none
4009-analytics-engineering,javier-montano,near-moat,346,4,MOAT,PASS,PASS,PASS,PASS,PASS,PASS,PASS,PASS,PASS,none
4010-backup-strategy,javier-montano,near-moat,53,5,MOAT,PASS,PASS,PASS,PASS,PASS,PASS,PASS,PASS,PASS,none
4011-data-documentation,javier-montano,near-moat,53,5,MOAT,PASS,PASS,PASS,PASS,PASS,PASS,PASS,PASS,PASS,none
4012-data-engineering,javier-montano,near-moat,325,4,MOAT,PASS,PASS,PASS,PASS,PASS,PASS,PASS,PASS,PASS,none
4013-data-export,javier-montano,near-moat,53,5,MOAT,PASS,PASS,PASS,PASS,PASS,PASS,PASS,PASS,PASS,none
4014-data-governance,javier-montano,near-moat,312,4,MOAT,PASS,PASS,PASS,PASS,PASS,PASS,PASS,PASS,PASS,none
4015-data-privacy-patterns,javier-montano,near-moat,53,5,MOAT,PASS,PASS,PASS,PASS,PASS,PASS,PASS,PASS,PASS,none
4016-data-quality,javier-montano,near-moat,311,4,MOAT,PASS,PASS,PASS,PASS,PASS,PASS,PASS,PASS,PASS,none
4017-data-strategy,javier-montano,near-moat,93,5,MOAT,PASS,PASS,PASS,PASS,PASS,PASS,PASS,PASS,PASS,none
4018-data-validation,javier-montano,near-moat,53,5,MOAT,PASS,PASS,PASS,PASS,PASS,PASS,PASS,PASS,PASS,none
4019-database-design,javier-montano,near-moat,95,5,MOAT,PASS,PASS,PASS,PASS,PASS,PASS,PASS,PASS,PASS,none
4020-embedding-strategy,javier-montano,near-moat,53,5,MOAT,PASS,PASS,PASS,PASS,PASS,PASS,PASS,PASS,PASS,none
4021-etl-patterns,javier-montano,near-moat,53,5,MOAT,PASS,PASS,PASS,PASS,PASS,PASS,PASS,PASS,PASS,none
4022-fine-tuning-prep,javier-montano,near-moat,53,5,MOAT,PASS,PASS,PASS,PASS,PASS,PASS,PASS,PASS,PASS,none
4023-firestore-modeling,javier-montano,near-moat,93,5,MOAT,PASS,PASS,PASS,PASS,PASS,PASS,PASS,PASS,PASS,none
4024-firestore-queries,javier-montano,near-moat,92,5,MOAT,PASS,PASS,PASS,PASS,PASS,PASS,PASS,PASS,PASS,none
4025-firestore-security-rules,javier-montano,near-moat,93,5,MOAT,PASS,PASS,PASS,PASS,PASS,PASS,PASS,PASS,PASS,none
4026-rag-patterns,javier-montano,near-moat,53,5,MOAT,PASS,PASS,PASS,PASS,PASS,PASS,PASS,PASS,PASS,none
5001-firebase-auth-setup,javier-montano,partial,49,1,MOAT,PASS,PASS,PASS,PASS,PASS,PASS,PASS,PASS,PASS,none
5002-role-based-access,javier-montano,partial,49,1,MOAT,PASS,PASS,PASS,PASS,PASS,PASS,PASS,PASS,PASS,none
5003-oauth-social-login,javier-montano,partial,49,1,MOAT,PASS,PASS,PASS,PASS,PASS,PASS,PASS,PASS,PASS,none
5004-web-security-implementation,javier-montano,partial,49,1,MOAT,PASS,PASS,PASS,PASS,PASS,PASS,PASS,PASS,PASS,none
5005-api-security,javier-montano,partial,49,1,MOAT,PASS,PASS,PASS,PASS,PASS,PASS,PASS,PASS,PASS,none
5006-secrets-management,javier-montano,partial,49,1,MOAT,PASS,PASS,PASS,PASS,PASS,PASS,PASS,PASS,PASS,none
5007-privacy-compliance,javier-montano,partial,49,1,MOAT,PASS,PASS,PASS,PASS,PASS,PASS,PASS,PASS,PASS,none
5008-penetration-testing-guide,javier-montano,partial,49,1,MOAT,PASS,PASS,PASS,PASS,PASS,PASS,PASS,PASS,PASS,none
5009-ai-content-detection,javier-montano,near-moat,53,5,MOAT,PASS,PASS,PASS,PASS,PASS,PASS,PASS,PASS,PASS,none
5010-ai-safety,javier-montano,near-moat,53,5,MOAT,PASS,PASS,PASS,PASS,PASS,PASS,PASS,PASS,PASS,none
5011-audit-trail-design,javier-montano,near-moat,53,5,MOAT,PASS,PASS,PASS,PASS,PASS,PASS,PASS,PASS,PASS,none
5012-compliance-assessment,javier-montano,near-moat,178,5,MOAT,PASS,PASS,PASS,PASS,PASS,PASS,PASS,PASS,PASS,none
5013-compliance-framework,javier-montano,near-moat,53,5,MOAT,PASS,PASS,PASS,PASS,PASS,PASS,PASS,PASS,PASS,none
5014-cors-configuration,javier-montano,near-moat,53,5,MOAT,PASS,PASS,PASS,PASS,PASS,PASS,PASS,PASS,PASS,none
5015-firebase-auth,javier-montano,near-moat,93,5,MOAT,PASS,PASS,PASS,PASS,PASS,PASS,PASS,PASS,PASS,none
5016-http-headers,javier-montano,near-moat,53,5,MOAT,PASS,PASS,PASS,PASS,PASS,PASS,PASS,PASS,PASS,none
5017-rbac-patterns,javier-montano,near-moat,53,5,MOAT,PASS,PASS,PASS,PASS,PASS,PASS,PASS,PASS,PASS,none
5018-secrets-sanitization,javier-montano,near-moat,143,5,MOAT,PASS,PASS,PASS,PASS,PASS,PASS,PASS,PASS,PASS,none
5019-security-architecture,javier-montano,near-moat,322,4,MOAT,PASS,PASS,PASS,PASS,PASS,PASS,PASS,PASS,PASS,none
5020-security-testing,javier-montano,near-moat,114,5,MOAT,PASS,PASS,PASS,PASS,PASS,PASS,PASS,PASS,PASS,none
5021-ssl-management,javier-montano,near-moat,53,5,MOAT,PASS,PASS,PASS,PASS,PASS,PASS,PASS,PASS,PASS,none
6001-unit-testing,javier-montano,partial,83,1,MOAT,PASS,PASS,PASS,PASS,PASS,PASS,PASS,PASS,PASS,none
6002-integration-testing,javier-montano,partial,82,1,MOAT,PASS,PASS,PASS,PASS,PASS,PASS,PASS,PASS,PASS,none
6003-e2e-testing,javier-montano,partial,84,1,MOAT,PASS,PASS,PASS,PASS,PASS,PASS,PASS,PASS,PASS,none
6004-accessibility-audit,javier-montano,partial,83,1,MOAT,PASS,PASS,PASS,PASS,PASS,PASS,PASS,PASS,PASS,none
6005-code-review-checklist,javier-montano,partial,87,1,MOAT,PASS,PASS,PASS,PASS,PASS,PASS,PASS,PASS,PASS,none
6006-quality-metrics,javier-montano,partial,80,1,MOAT,PASS,PASS,PASS,PASS,PASS,PASS,PASS,PASS,PASS,none
6007-test-data-factory,javier-montano,partial,83,1,MOAT,PASS,PASS,PASS,PASS,PASS,PASS,PASS,PASS,PASS,none
6008-visual-regression-testing,javier-montano,partial,84,1,MOAT,PASS,PASS,PASS,PASS,PASS,PASS,PASS,PASS,PASS,none
6009-firebase-emulator-setup,javier-montano,partial,85,1,MOAT,PASS,PASS,PASS,PASS,PASS,PASS,PASS,PASS,PASS,none
6010-accessibility-testing,javier-montano,near-moat,93,5,MOAT,PASS,PASS,PASS,PASS,PASS,PASS,PASS,PASS,PASS,none
6011-ai-assisted-testing,javier-montano,near-moat,53,5,MOAT,PASS,PASS,PASS,PASS,PASS,PASS,PASS,PASS,PASS,none
6012-ai-testing-strategy,javier-montano,partial,359,2,MOAT,PASS,PASS,PASS,PASS,PASS,PASS,PASS,PASS,PASS,none
6013-assembly-skill,javier-montano,partial,211,2,MOAT,PASS,PASS,PASS,PASS,PASS,PASS,PASS,PASS,PASS,none
6014-bdd-full-spectrum,javier-montano,near-moat,135,5,MOAT,PASS,PASS,PASS,PASS,PASS,PASS,PASS,PASS,PASS,none
6015-certify-skill,javier-montano,partial,231,2,MOAT,PASS,PASS,PASS,PASS,PASS,PASS,PASS,PASS,PASS,none
6016-code-review,javier-montano,near-moat,98,5,MOAT,PASS,PASS,PASS,PASS,PASS,PASS,PASS,PASS,PASS,none
6017-cross-browser-testing,javier-montano,near-moat,93,5,MOAT,PASS,PASS,PASS,PASS,PASS,PASS,PASS,PASS,PASS,none
6018-e2e-testing,javier-montano,near-moat,99,5,MOAT,PASS,PASS,PASS,PASS,PASS,PASS,PASS,PASS,PASS,none
6019-excellence-loop,javier-montano,near-moat,85,5,MOAT,PASS,PASS,PASS,PASS,PASS,PASS,PASS,PASS,PASS,none
6020-generate-qa-report,javier-montano,near-moat,134,4,MOAT,PASS,PASS,PASS,PASS,PASS,PASS,PASS,PASS,PASS,none
6021-generate-qa-scorecard,javier-montano,near-moat,131,4,MOAT,PASS,PASS,PASS,PASS,PASS,PASS,PASS,PASS,PASS,none
6022-llm-evaluation,javier-montano,near-moat,53,5,MOAT,PASS,PASS,PASS,PASS,PASS,PASS,PASS,PASS,PASS,none
6023-performance-testing,javier-montano,near-moat,92,5,MOAT,PASS,PASS,PASS,PASS,PASS,PASS,PASS,PASS,PASS,none
6024-quality-engineering,javier-montano,near-moat,286,4,MOAT,PASS,PASS,PASS,PASS,PASS,PASS,PASS,PASS,PASS,none
6025-surgeon-skill,javier-montano,partial,227,2,MOAT,PASS,PASS,PASS,PASS,PASS,PASS,PASS,PASS,PASS,none
6026-test-strategy,javier-montano,near-moat,99,5,MOAT,PASS,PASS,PASS,PASS,PASS,PASS,PASS,PASS,PASS,none
6027-unit-testing,javier-montano,near-moat,93,5,MOAT,PASS,PASS,PASS,PASS,PASS,PASS,PASS,PASS,PASS,none
6028-visual-regression,javier-montano,near-moat,93,5,MOAT,PASS,PASS,PASS,PASS,PASS,PASS,PASS,PASS,PASS,none
6029-x-ray-skill,javier-montano,partial,287,2,MOAT,PASS,PASS,PASS,PASS,PASS,PASS,PASS,PASS,PASS,none
7001-hostinger-deployment,javier-montano,partial,84,1,MOAT,PASS,PASS,PASS,PASS,PASS,PASS,PASS,PASS,PASS,none
7002-firebase-hosting-setup,javier-montano,partial,84,1,MOAT,PASS,PASS,PASS,PASS,PASS,PASS,PASS,PASS,PASS,none
7003-ci-cd-pipeline,javier-montano,partial,84,1,MOAT,PASS,PASS,PASS,PASS,PASS,PASS,PASS,PASS,PASS,none
7004-environment-management,javier-montano,partial,83,1,MOAT,PASS,PASS,PASS,PASS,PASS,PASS,PASS,PASS,PASS,none
7005-monitoring-alerting,javier-montano,partial,84,1,MOAT,PASS,PASS,PASS,PASS,PASS,PASS,PASS,PASS,PASS,none
7006-domain-dns-setup,javier-montano,partial,85,1,MOAT,PASS,PASS,PASS,PASS,PASS,PASS,PASS,PASS,PASS,none
7007-release-strategy,javier-montano,partial,83,1,MOAT,PASS,PASS,PASS,PASS,PASS,PASS,PASS,PASS,PASS,none
7008-build-optimization,javier-montano,partial,84,1,MOAT,PASS,PASS,PASS,PASS,PASS,PASS,PASS,PASS,PASS,none
7009-alerting-strategy,javier-montano,near-moat,53,5,MOAT,PASS,PASS,PASS,PASS,PASS,PASS,PASS,PASS,PASS,none
7010-build-optimization,javier-montano,near-moat,94,5,MOAT,PASS,PASS,PASS,PASS,PASS,PASS,PASS,PASS,PASS,none
7011-changelog-management,javier-montano,near-moat,91,5,MOAT,PASS,PASS,PASS,PASS,PASS,PASS,PASS,PASS,PASS,none
7012-changelog-writing,javier-montano,near-moat,53,5,MOAT,PASS,PASS,PASS,PASS,PASS,PASS,PASS,PASS,PASS,none
7013-ci-pipeline-design,javier-montano,near-moat,53,5,MOAT,PASS,PASS,PASS,PASS,PASS,PASS,PASS,PASS,PASS,none
7014-deployment-checklist,javier-montano,near-moat,102,5,MOAT,PASS,PASS,PASS,PASS,PASS,PASS,PASS,PASS,PASS,none
7015-dns-architecture,javier-montano,near-moat,53,5,MOAT,PASS,PASS,PASS,PASS,PASS,PASS,PASS,PASS,PASS,none
7016-docker-awareness,javier-montano,near-moat,53,5,MOAT,PASS,PASS,PASS,PASS,PASS,PASS,PASS,PASS,PASS,none
7017-domain-management,javier-montano,near-moat,94,5,MOAT,PASS,PASS,PASS,PASS,PASS,PASS,PASS,PASS,PASS,none
7018-environment-detection,javier-montano,near-moat,107,5,MOAT,PASS,PASS,PASS,PASS,PASS,PASS,PASS,PASS,PASS,none
7019-environment-management,javier-montano,near-moat,53,5,MOAT,PASS,PASS,PASS,PASS,PASS,PASS,PASS,PASS,PASS,none
7020-firebase-deployment,javier-montano,near-moat,94,5,MOAT,PASS,PASS,PASS,PASS,PASS,PASS,PASS,PASS,PASS,none
7021-firebase-hosting,javier-montano,near-moat,93,5,MOAT,PASS,PASS,PASS,PASS,PASS,PASS,PASS,PASS,PASS,none
7022-git-hook-integration,javier-montano,near-moat,53,5,MOAT,PASS,PASS,PASS,PASS,PASS,PASS,PASS,PASS,PASS,none
7023-git-workflow,javier-montano,near-moat,79,5,MOAT,PASS,PASS,PASS,PASS,PASS,PASS,PASS,PASS,PASS,none
7024-github-actions-ci,javier-montano,near-moat,94,5,MOAT,PASS,PASS,PASS,PASS,PASS,PASS,PASS,PASS,PASS,none
7025-hostinger-deployment,javier-montano,near-moat,95,5,MOAT,PASS,PASS,PASS,PASS,PASS,PASS,PASS,PASS,PASS,none
7026-linting-formatting,javier-montano,near-moat,94,5,MOAT,PASS,PASS,PASS,PASS,PASS,PASS,PASS,PASS,PASS,none
7027-log-management,javier-montano,near-moat,53,5,MOAT,PASS,PASS,PASS,PASS,PASS,PASS,PASS,PASS,PASS,none
7028-repository-organization,javier-montano,near-moat,93,5,MOAT,PASS,PASS,PASS,PASS,PASS,PASS,PASS,PASS,PASS,none
7029-ssh-deployment,javier-montano,near-moat,140,5,MOAT,PASS,PASS,PASS,PASS,PASS,PASS,PASS,PASS,PASS,none
7030-workspace-governance,javier-montano,near-moat,117,5,MOAT,PASS,PASS,PASS,PASS,PASS,PASS,PASS,PASS,PASS,none
8001-web-performance,javier-montano,partial,84,1,MOAT,PASS,PASS,PASS,PASS,PASS,PASS,PASS,PASS,PASS,none
8002-seo-technical,javier-montano,partial,85,1,MOAT,PASS,PASS,PASS,PASS,PASS,PASS,PASS,PASS,PASS,none
8003-image-optimization,javier-montano,partial,90,1,MOAT,PASS,PASS,PASS,PASS,PASS,PASS,PASS,PASS,PASS,none
8004-bundle-analysis,javier-montano,partial,84,1,MOAT,PASS,PASS,PASS,PASS,PASS,PASS,PASS,PASS,PASS,none
8005-firebase-cost-optimization,javier-montano,partial,86,1,MOAT,PASS,PASS,PASS,PASS,PASS,PASS,PASS,PASS,PASS,none
8006-ab-testing,javier-montano,near-moat,85,5,MOAT,PASS,PASS,PASS,PASS,PASS,PASS,PASS,PASS,PASS,none
8007-content-calendar,javier-montano,near-moat,85,5,MOAT,PASS,PASS,PASS,PASS,PASS,PASS,PASS,PASS,PASS,none
8008-event-marketing,javier-montano,near-moat,85,5,MOAT,PASS,PASS,PASS,PASS,PASS,PASS,PASS,PASS,PASS,none
8009-funnel-design,javier-montano,near-moat,85,5,MOAT,PASS,PASS,PASS,PASS,PASS,PASS,PASS,PASS,PASS,none
8010-google-analytics,javier-montano,near-moat,93,5,MOAT,PASS,PASS,PASS,PASS,PASS,PASS,PASS,PASS,PASS,none
8011-image-optimization,javier-montano,near-moat,92,5,MOAT,PASS,PASS,PASS,PASS,PASS,PASS,PASS,PASS,PASS,none
8012-indexability-validator,javier-montano,near-moat,116,5,MOAT,PASS,PASS,PASS,PASS,PASS,PASS,PASS,PASS,PASS,none
8013-lighthouse-ci,javier-montano,near-moat,144,5,MOAT,PASS,PASS,PASS,PASS,PASS,PASS,PASS,PASS,PASS,none
8014-marketing-context,javier-montano,near-moat,85,5,MOAT,PASS,PASS,PASS,PASS,PASS,PASS,PASS,PASS,PASS,none
8015-metrics-instrumentation,javier-montano,near-moat,53,5,MOAT,PASS,PASS,PASS,PASS,PASS,PASS,PASS,PASS,PASS,none
8016-performance-engineering,javier-montano,near-moat,328,4,MOAT,PASS,PASS,PASS,PASS,PASS,PASS,PASS,PASS,PASS,none
8017-real-time-analytics,javier-montano,near-moat,53,5,MOAT,PASS,PASS,PASS,PASS,PASS,PASS,PASS,PASS,PASS,none
8018-recaptcha-integration,javier-montano,near-moat,93,5,MOAT,PASS,PASS,PASS,PASS,PASS,PASS,PASS,PASS,PASS,none
8019-seo-architecture,javier-montano,near-moat,95,5,MOAT,PASS,PASS,PASS,PASS,PASS,PASS,PASS,PASS,PASS,none
8020-seo-content,javier-montano,near-moat,79,5,MOAT,PASS,PASS,PASS,PASS,PASS,PASS,PASS,PASS,PASS,none
9001-skill-forge,javier-montano,partial,160,2,MOAT,PASS,PASS,PASS,PASS,PASS,PASS,PASS,PASS,PASS,none
9002-workflow-forge,javier-montano,partial,127,1,MOAT,PASS,PASS,PASS,PASS,PASS,PASS,PASS,PASS,PASS,none
9003-kit-orchestrator,javier-montano,partial,127,1,MOAT,PASS,PASS,PASS,PASS,PASS,PASS,PASS,PASS,PASS,none
9004-scope-guard,javier-montano,partial,135,1,MOAT,PASS,PASS,PASS,PASS,PASS,PASS,PASS,PASS,PASS,none
9005-quality-gatekeeper,javier-montano,partial,133,1,MOAT,PASS,PASS,PASS,PASS,PASS,PASS,PASS,PASS,PASS,none
9006-context-optimizer,javier-montano,partial,102,1,MOAT,PASS,PASS,PASS,PASS,PASS,PASS,PASS,PASS,PASS,none
9007-session-manager,javier-montano,partial,117,1,MOAT,PASS,PASS,PASS,PASS,PASS,PASS,PASS,PASS,PASS,none
9008-output-contract-enforcer,javier-montano,partial,111,1,MOAT,PASS,PASS,PASS,PASS,PASS,PASS,PASS,PASS,PASS,none
9009-technical-documentation,javier-montano,partial,84,1,MOAT,PASS,PASS,PASS,PASS,PASS,PASS,PASS,PASS,PASS,none
9010-agent-constitution-creator,javier-montano,partial,241,2,MOAT,PASS,PASS,PASS,PASS,PASS,PASS,PASS,PASS,PASS,none
9011-agent-creator,javier-montano,partial,198,2,MOAT,PASS,PASS,PASS,PASS,PASS,PASS,PASS,PASS,PASS,none
9012-ai-code-review,javier-montano,near-moat,53,5,MOAT,PASS,PASS,PASS,PASS,PASS,PASS,PASS,PASS,PASS,none
9013-ai-documentation,javier-montano,near-moat,53,5,MOAT,PASS,PASS,PASS,PASS,PASS,PASS,PASS,PASS,PASS,none
9014-ai-workflow-automation,javier-montano,near-moat,53,5,MOAT,PASS,PASS,PASS,PASS,PASS,PASS,PASS,PASS,PASS,none
9015-audit-content-quality,javier-montano,near-moat,108,4,MOAT,PASS,PASS,PASS,PASS,PASS,PASS,PASS,PASS,PASS,none
9016-audit-security,javier-montano,near-moat,118,4,MOAT,PASS,PASS,PASS,PASS,PASS,PASS,PASS,PASS,PASS,none
9017-auto-prompt-matching,javier-montano,partial,73,2,MOAT,PASS,PASS,PASS,PASS,PASS,PASS,PASS,PASS,PASS,none
9018-bmad-method,javier-montano,near-moat,457,7,MOAT,PASS,PASS,PASS,PASS,PASS,PASS,PASS,PASS,PASS,none
9019-build-moat-assets,javier-montano,near-moat,169,5,MOAT,PASS,PASS,PASS,PASS,PASS,PASS,PASS,PASS,PASS,none
9020-build-plugin-scaffold,javier-montano,near-moat,203,5,MOAT,PASS,PASS,PASS,PASS,PASS,PASS,PASS,PASS,PASS,none
9021-context-optimization,javier-montano,near-moat,139,5,MOAT,PASS,PASS,PASS,PASS,PASS,PASS,PASS,PASS,PASS,none
9022-context-window-management,javier-montano,near-moat,53,5,MOAT,PASS,PASS,PASS,PASS,PASS,PASS,PASS,PASS,PASS,none
9023-continuous-learning,javier-montano,near-moat,110,5,MOAT,PASS,PASS,PASS,PASS,PASS,PASS,PASS,PASS,PASS,none
9024-copywriting-frameworks,javier-montano,near-moat,85,5,MOAT,PASS,PASS,PASS,PASS,PASS,PASS,PASS,PASS,PASS,none
9025-create-antigravity-skill,javier-montano,partial,288,2,MOAT,PASS,PASS,PASS,PASS,PASS,PASS,PASS,PASS,PASS,none
9026-creator-moat-skill,javier-montano,partial,296,2,MOAT,PASS,PASS,PASS,PASS,PASS,PASS,PASS,PASS,PASS,none
9027-cross-platform-convert,javier-montano,near-moat,138,5,MOAT,PASS,PASS,PASS,PASS,PASS,PASS,PASS,PASS,PASS,none
9028-design-agent,javier-montano,near-moat,220,4,MOAT,PASS,PASS,PASS,PASS,PASS,PASS,PASS,PASS,PASS,none
9029-design-skill,javier-montano,near-moat,219,4,MOAT,PASS,PASS,PASS,PASS,PASS,PASS,PASS,PASS,PASS,none
9030-developer-onboarding,javier-montano,near-moat,53,5,MOAT,PASS,PASS,PASS,PASS,PASS,PASS,PASS,PASS,PASS,none
9031-documentation-standards,javier-montano,near-moat,53,5,MOAT,PASS,PASS,PASS,PASS,PASS,PASS,PASS,PASS,PASS,none
9032-documentation-system,javier-montano,near-moat,53,5,MOAT,PASS,PASS,PASS,PASS,PASS,PASS,PASS,PASS,PASS,none
9033-dual-layer-verification,javier-montano,near-moat,145,5,MOAT,PASS,PASS,PASS,PASS,PASS,PASS,PASS,PASS,PASS,none
9034-ecosystem-forge,javier-montano,partial,184,2,MOAT,PASS,PASS,PASS,PASS,PASS,PASS,PASS,PASS,PASS,none
9035-find-skills,javier-montano,partial,193,3,MOAT,PASS,PASS,PASS,PASS,PASS,PASS,PASS,PASS,PASS,none
9036-fix-common-issues,javier-montano,near-moat,120,4,MOAT,PASS,PASS,PASS,PASS,PASS,PASS,PASS,PASS,PASS,none
9037-guardrails-management,javier-montano,near-moat,98,5,MOAT,PASS,PASS,PASS,PASS,PASS,PASS,PASS,PASS,PASS,none
9038-hook-creator,javier-montano,partial,202,2,MOAT,PASS,PASS,PASS,PASS,PASS,PASS,PASS,PASS,PASS,none
9039-ideate-component,javier-montano,near-moat,150,4,MOAT,PASS,PASS,PASS,PASS,PASS,PASS,PASS,PASS,PASS,none
9040-ideate-plugin,javier-montano,near-moat,159,4,MOAT,PASS,PASS,PASS,PASS,PASS,PASS,PASS,PASS,PASS,none
9041-iic-artifact-analyzer,javier-montano,partial,86,1,MOAT,PASS,PASS,PASS,PASS,PASS,PASS,PASS,PASS,PASS,none
9042-iic-bugfix,javier-montano,partial,73,1,MOAT,PASS,PASS,PASS,PASS,PASS,PASS,PASS,PASS,PASS,none
9043-iic-checklist-generator,javier-montano,partial,77,1,MOAT,PASS,PASS,PASS,PASS,PASS,PASS,PASS,PASS,PASS,none
9044-iic-clarify,javier-montano,partial,90,1,MOAT,PASS,PASS,PASS,PASS,PASS,PASS,PASS,PASS,PASS,none
9045-iic-constitution,javier-montano,partial,96,1,MOAT,PASS,PASS,PASS,PASS,PASS,PASS,PASS,PASS,PASS,none
9046-iic-core-engine,javier-montano,partial,90,1,MOAT,PASS,PASS,PASS,PASS,PASS,PASS,PASS,PASS,PASS,none
9047-iic-implement,javier-montano,partial,90,1,MOAT,PASS,PASS,PASS,PASS,PASS,PASS,PASS,PASS,PASS,none
9048-iic-plan-generator,javier-montano,partial,105,1,MOAT,PASS,PASS,PASS,PASS,PASS,PASS,PASS,PASS,PASS,none
9049-iic-specify,javier-montano,partial,103,1,MOAT,PASS,PASS,PASS,PASS,PASS,PASS,PASS,PASS,PASS,none
9050-iic-task-decomposer,javier-montano,partial,86,1,MOAT,PASS,PASS,PASS,PASS,PASS,PASS,PASS,PASS,PASS,none
9051-iic-tasks-to-issues,javier-montano,partial,73,1,MOAT,PASS,PASS,PASS,PASS,PASS,PASS,PASS,PASS,PASS,none
9052-iic-testify,javier-montano,partial,85,1,MOAT,PASS,PASS,PASS,PASS,PASS,PASS,PASS,PASS,PASS,none
9053-iikit-00-constitution,javier-montano,near-moat,148,4,MOAT,PASS,PASS,PASS,PASS,PASS,PASS,PASS,PASS,PASS,none
9054-iikit-01-specify,javier-montano,near-moat,195,4,MOAT,PASS,PASS,PASS,PASS,PASS,PASS,PASS,PASS,PASS,none
9055-iikit-02-plan,javier-montano,near-moat,217,4,MOAT,PASS,PASS,PASS,PASS,PASS,PASS,PASS,PASS,PASS,none
9056-iikit-03-checklist,javier-montano,near-moat,173,4,MOAT,PASS,PASS,PASS,PASS,PASS,PASS,PASS,PASS,PASS,none
9057-iikit-04-testify,javier-montano,near-moat,234,4,MOAT,PASS,PASS,PASS,PASS,PASS,PASS,PASS,PASS,PASS,none
9058-iikit-05-tasks,javier-montano,near-moat,192,4,MOAT,PASS,PASS,PASS,PASS,PASS,PASS,PASS,PASS,PASS,none
9059-iikit-06-analyze,javier-montano,near-moat,239,4,MOAT,PASS,PASS,PASS,PASS,PASS,PASS,PASS,PASS,PASS,none
9060-iikit-07-implement,javier-montano,near-moat,240,4,MOAT,PASS,PASS,PASS,PASS,PASS,PASS,PASS,PASS,PASS,none
9061-iikit-08-taskstoissues,javier-montano,near-moat,141,4,MOAT,PASS,PASS,PASS,PASS,PASS,PASS,PASS,PASS,PASS,none
9062-iikit-bugfix,javier-montano,partial,311,3,MOAT,PASS,PASS,PASS,PASS,PASS,PASS,PASS,PASS,PASS,none
9063-iikit-clarify,javier-montano,near-moat,200,4,MOAT,PASS,PASS,PASS,PASS,PASS,PASS,PASS,PASS,PASS,none
9064-iikit-core,javier-montano,near-moat,199,4,MOAT,PASS,PASS,PASS,PASS,PASS,PASS,PASS,PASS,PASS,none
9065-intelligent-routing,javier-montano,partial,73,2,MOAT,PASS,PASS,PASS,PASS,PASS,PASS,PASS,PASS,PASS,none
9066-internal-memo,javier-montano,near-moat,53,5,MOAT,PASS,PASS,PASS,PASS,PASS,PASS,PASS,PASS,PASS,none
9067-internationalization,javier-montano,near-moat,92,5,MOAT,PASS,PASS,PASS,PASS,PASS,PASS,PASS,PASS,PASS,none
9068-knowledge-management,javier-montano,near-moat,53,5,MOAT,PASS,PASS,PASS,PASS,PASS,PASS,PASS,PASS,PASS,none
9069-localization-guide,javier-montano,near-moat,53,5,MOAT,PASS,PASS,PASS,PASS,PASS,PASS,PASS,PASS,PASS,none
9070-mcp-creator,javier-montano,partial,217,2,MOAT,PASS,PASS,PASS,PASS,PASS,PASS,PASS,PASS,PASS,none
9071-mermaid-diagramming,javier-montano,near-moat,204,4,MOAT,PASS,PASS,PASS,PASS,PASS,PASS,PASS,PASS,PASS,none
9072-meta-orchestration-updater,javier-montano,partial,60,1,MOAT,PASS,PASS,PASS,PASS,PASS,PASS,PASS,PASS,PASS,none
9073-meta-skill-creator,javier-montano,partial,70,1,MOAT,PASS,PASS,PASS,PASS,PASS,PASS,PASS,PASS,PASS,none
9074-meta-skill-deployer,javier-montano,partial,60,1,MOAT,PASS,PASS,PASS,PASS,PASS,PASS,PASS,PASS,PASS,none
9075-meta-skill-indexer,javier-montano,partial,60,1,MOAT,PASS,PASS,PASS,PASS,PASS,PASS,PASS,PASS,PASS,none
9076-meta-skill-reviewer,javier-montano,partial,60,1,MOAT,PASS,PASS,PASS,PASS,PASS,PASS,PASS,PASS,PASS,none
9077-meta-skill-searcher,javier-montano,partial,60,1,MOAT,PASS,PASS,PASS,PASS,PASS,PASS,PASS,PASS,PASS,none
9078-multi-model-routing,javier-montano,near-moat,53,5,MOAT,PASS,PASS,PASS,PASS,PASS,PASS,PASS,PASS,PASS,none
9079-naming-and-slugging,javier-montano,partial,173,2,MOAT,PASS,PASS,PASS,PASS,PASS,PASS,PASS,PASS,PASS,none
9080-onboarding-playbook,javier-montano,near-moat,308,5,MOAT,PASS,PASS,PASS,PASS,PASS,PASS,PASS,PASS,PASS,none
9081-open-claw-builder,javier-montano,partial,186,2,MOAT,PASS,PASS,PASS,PASS,PASS,PASS,PASS,PASS,PASS,none
9082-output-engineering,javier-montano,near-moat,280,5,MOAT,PASS,PASS,PASS,PASS,PASS,PASS,PASS,PASS,PASS,none
9083-permission-fast-path,javier-montano,near-moat,53,5,MOAT,PASS,PASS,PASS,PASS,PASS,PASS,PASS,PASS,PASS,none
9084-plan-architecture,javier-montano,near-moat,173,4,MOAT,PASS,PASS,PASS,PASS,PASS,PASS,PASS,PASS,PASS,none
9085-plan-moat-strategy,javier-montano,near-moat,175,4,MOAT,PASS,PASS,PASS,PASS,PASS,PASS,PASS,PASS,PASS,none
9086-plugin-builder,javier-montano,partial,256,2,MOAT,PASS,PASS,PASS,PASS,PASS,PASS,PASS,PASS,PASS,none
9087-plugin-reload,javier-montano,partial,120,1,MOAT,PASS,PASS,PASS,PASS,PASS,PASS,PASS,PASS,PASS,none
9088-podcast-prep,javier-montano,near-moat,53,5,MOAT,PASS,PASS,PASS,PASS,PASS,PASS,PASS,PASS,PASS,none
9089-post-tool-use-validator,javier-montano,near-moat,53,5,MOAT,PASS,PASS,PASS,PASS,PASS,PASS,PASS,PASS,PASS,none
9090-pre-compact-context,javier-montano,near-moat,53,5,MOAT,PASS,PASS,PASS,PASS,PASS,PASS,PASS,PASS,PASS,none
9091-pre-tool-use-guard,javier-montano,near-moat,53,5,MOAT,PASS,PASS,PASS,PASS,PASS,PASS,PASS,PASS,PASS,none
9092-press-release,javier-montano,near-moat,53,5,MOAT,PASS,PASS,PASS,PASS,PASS,PASS,PASS,PASS,PASS,none
9093-prompt-creator,javier-montano,partial,185,2,MOAT,PASS,PASS,PASS,PASS,PASS,PASS,PASS,PASS,PASS,none
9094-prompt-engineering,javier-montano,near-moat,146,5,MOAT,PASS,PASS,PASS,PASS,PASS,PASS,PASS,PASS,PASS,none
9095-prompt-forge,javier-montano,partial,223,2,MOAT,PASS,PASS,PASS,PASS,PASS,PASS,PASS,PASS,PASS,none
9096-rendering-engine,javier-montano,near-moat,142,5,MOAT,PASS,PASS,PASS,PASS,PASS,PASS,PASS,PASS,PASS,none
9097-rule-forge,javier-montano,partial,156,2,MOAT,PASS,PASS,PASS,PASS,PASS,PASS,PASS,PASS,PASS,none
9098-session-end-cleanup,javier-montano,near-moat,53,5,MOAT,PASS,PASS,PASS,PASS,PASS,PASS,PASS,PASS,PASS,none
9099-session-protocol,javier-montano,near-moat,103,5,MOAT,PASS,PASS,PASS,PASS,PASS,PASS,PASS,PASS,PASS,none
9100-session-start-bootstrap,javier-montano,near-moat,53,5,MOAT,PASS,PASS,PASS,PASS,PASS,PASS,PASS,PASS,PASS,none
9101-skill-search,javier-montano,partial,73,2,MOAT,PASS,PASS,PASS,PASS,PASS,PASS,PASS,PASS,PASS,none
9102-skill-spec-creator,javier-montano,partial,209,2,MOAT,PASS,PASS,PASS,PASS,PASS,PASS,PASS,PASS,PASS,none
9103-socratic-debate,javier-montano,near-moat,115,5,MOAT,PASS,PASS,PASS,PASS,PASS,PASS,PASS,PASS,PASS,none
9104-sofka-bpmn-process-analysis,javier-montano,partial,311,2,MOAT,PASS,PASS,PASS,PASS,PASS,PASS,PASS,PASS,PASS,none
9105-sofka-regional-finance,javier-montano,partial,264,2,MOAT,PASS,PASS,PASS,PASS,PASS,PASS,PASS,PASS,PASS,none
9106-sofka-sap-implementation,javier-montano,partial,323,2,MOAT,PASS,PASS,PASS,PASS,PASS,PASS,PASS,PASS,PASS,none
9107-spec-agent-command,javier-montano,near-moat,179,4,MOAT,PASS,PASS,PASS,PASS,PASS,PASS,PASS,PASS,PASS,none
9108-spec-skill-moat,javier-montano,near-moat,179,4,MOAT,PASS,PASS,PASS,PASS,PASS,PASS,PASS,PASS,PASS,none
9109-step-creator,javier-montano,partial,83,1,MOAT,PASS,PASS,PASS,PASS,PASS,PASS,PASS,PASS,PASS,none
9110-stop-validator,javier-montano,near-moat,53,5,MOAT,PASS,PASS,PASS,PASS,PASS,PASS,PASS,PASS,PASS,none
9111-subagent-monitor,javier-montano,near-moat,53,5,MOAT,PASS,PASS,PASS,PASS,PASS,PASS,PASS,PASS,PASS,none
9112-task-engine,javier-montano,partial,221,2,MOAT,PASS,PASS,PASS,PASS,PASS,PASS,PASS,PASS,PASS,none
9113-tasklog-management,javier-montano,near-moat,88,5,MOAT,PASS,PASS,PASS,PASS,PASS,PASS,PASS,PASS,PASS,none
9114-technical-writing-patterns,javier-montano,near-moat,53,5,MOAT,PASS,PASS,PASS,PASS,PASS,PASS,PASS,PASS,PASS,none
9115-training-material,javier-montano,near-moat,53,5,MOAT,PASS,PASS,PASS,PASS,PASS,PASS,PASS,PASS,PASS,none
9116-triad-composition,javier-montano,partial,73,2,MOAT,PASS,PASS,PASS,PASS,PASS,PASS,PASS,PASS,PASS,none
9117-trigger-skill,javier-montano,partial,243,2,MOAT,PASS,PASS,PASS,PASS,PASS,PASS,PASS,PASS,PASS,none
9118-user-prompt-filter,javier-montano,near-moat,53,5,MOAT,PASS,PASS,PASS,PASS,PASS,PASS,PASS,PASS,PASS,none
9119-validate-components,javier-montano,near-moat,132,4,MOAT,PASS,PASS,PASS,PASS,PASS,PASS,PASS,PASS,PASS,none
9120-validate-cross-refs,javier-montano,near-moat,137,4,MOAT,PASS,PASS,PASS,PASS,PASS,PASS,PASS,PASS,PASS,none
9121-validate-hooks,javier-montano,near-moat,172,4,MOAT,PASS,PASS,PASS,PASS,PASS,PASS,PASS,PASS,PASS,none
9122-validate-manifest,javier-montano,near-moat,123,4,MOAT,PASS,PASS,PASS,PASS,PASS,PASS,PASS,PASS,PASS,none
9123-validate-structure,javier-montano,near-moat,130,4,MOAT,PASS,PASS,PASS,PASS,PASS,PASS,PASS,PASS,PASS,none
9124-video-script,javier-montano,near-moat,53,5,MOAT,PASS,PASS,PASS,PASS,PASS,PASS,PASS,PASS,PASS,none
9125-whitepaper-creation,javier-montano,near-moat,53,5,MOAT,PASS,PASS,PASS,PASS,PASS,PASS,PASS,PASS,PASS,none
9126-workflow-creator,javier-montano,partial,143,1,MOAT,PASS,PASS,PASS,PASS,PASS,PASS,PASS,PASS,PASS,none
9127-workflow-forge,javier-montano,partial,204,2,MOAT,PASS,PASS,PASS,PASS,PASS,PASS,PASS,PASS,PASS,none
9128-xlsx-template-creator,javier-montano,partial,268,2,MOAT,PASS,PASS,PASS,PASS,PASS,PASS,PASS,PASS,PASS,none
0092-asis-analysis,metodologia,near-moat,486,5,MOAT,PASS,PASS,PASS,PASS,PASS,PASS,PASS,PASS,PASS,none
0093-commercial-model,metodologia,near-moat,372,5,MOAT,PASS,PASS,PASS,PASS,PASS,PASS,PASS,PASS,PASS,none
0094-cost-estimation,metodologia,near-moat,474,5,MOAT,PASS,PASS,PASS,PASS,PASS,PASS,PASS,PASS,PASS,none
0095-discovery-handover,metodologia,near-moat,424,5,MOAT,PASS,PASS,PASS,PASS,PASS,PASS,PASS,PASS,PASS,none
0096-dynamic-sme,metodologia,near-moat,273,5,MOAT,PASS,PASS,PASS,PASS,PASS,PASS,PASS,PASS,PASS,none
0097-executive-pitch,metodologia,near-moat,273,5,MOAT,PASS,PASS,PASS,PASS,PASS,PASS,PASS,PASS,PASS,none
0098-flow-mapping,metodologia,near-moat,386,5,MOAT,PASS,PASS,PASS,PASS,PASS,PASS,PASS,PASS,PASS,none
0099-functional-spec,metodologia,near-moat,292,5,MOAT,PASS,PASS,PASS,PASS,PASS,PASS,PASS,PASS,PASS,none
0100-functional-toolbelt,metodologia,near-moat,410,5,MOAT,PASS,PASS,PASS,PASS,PASS,PASS,PASS,PASS,PASS,none
0101-project-program-management,metodologia,near-moat,456,5,MOAT,PASS,PASS,PASS,PASS,PASS,PASS,PASS,PASS,PASS,none
0102-risk-controlling-dynamics,metodologia,near-moat,421,5,MOAT,PASS,PASS,PASS,PASS,PASS,PASS,PASS,PASS,PASS,none
0103-scenario-analysis,metodologia,near-moat,292,5,MOAT,PASS,PASS,PASS,PASS,PASS,PASS,PASS,PASS,PASS,none
0104-sector-intelligence,metodologia,near-moat,361,5,MOAT,PASS,PASS,PASS,PASS,PASS,PASS,PASS,PASS,PASS,none
0105-software-viability,metodologia,near-moat,408,5,MOAT,PASS,PASS,PASS,PASS,PASS,PASS,PASS,PASS,PASS,none
0106-stakeholder-mapping,metodologia,near-moat,342,5,MOAT,PASS,PASS,PASS,PASS,PASS,PASS,PASS,PASS,PASS,none
0107-technical-feasibility,metodologia,near-moat,367,5,MOAT,PASS,PASS,PASS,PASS,PASS,PASS,PASS,PASS,PASS,none
0108-testing-strategy,metodologia,near-moat,465,5,MOAT,PASS,PASS,PASS,PASS,PASS,PASS,PASS,PASS,PASS,none
0109-user-representative,metodologia,near-moat,291,5,MOAT,PASS,PASS,PASS,PASS,PASS,PASS,PASS,PASS,PASS,none
0110-ux-writing,metodologia,near-moat,380,5,MOAT,PASS,PASS,PASS,PASS,PASS,PASS,PASS,PASS,PASS,none
1061-api-architecture,metodologia,near-moat,378,5,MOAT,PASS,PASS,PASS,PASS,PASS,PASS,PASS,PASS,PASS,none
1062-architecture-tobe,metodologia,near-moat,474,5,MOAT,PASS,PASS,PASS,PASS,PASS,PASS,PASS,PASS,PASS,none
1063-bi-architecture,metodologia,near-moat,385,5,MOAT,PASS,PASS,PASS,PASS,PASS,PASS,PASS,PASS,PASS,none
1064-cloud-migration,metodologia,near-moat,426,5,MOAT,PASS,PASS,PASS,PASS,PASS,PASS,PASS,PASS,PASS,none
1065-cloud-native-architecture,metodologia,near-moat,485,5,MOAT,PASS,PASS,PASS,PASS,PASS,PASS,PASS,PASS,PASS,none
1066-data-science-architecture,metodologia,near-moat,467,5,MOAT,PASS,PASS,PASS,PASS,PASS,PASS,PASS,PASS,PASS,none
1067-database-architecture,metodologia,near-moat,419,5,MOAT,PASS,PASS,PASS,PASS,PASS,PASS,PASS,PASS,PASS,none
1068-design-system,metodologia,near-moat,418,5,MOAT,PASS,PASS,PASS,PASS,PASS,PASS,PASS,PASS,PASS,none
1069-devsecops-architecture,metodologia,near-moat,382,5,MOAT,PASS,PASS,PASS,PASS,PASS,PASS,PASS,PASS,PASS,none
1070-enterprise-architecture,metodologia,near-moat,408,5,MOAT,PASS,PASS,PASS,PASS,PASS,PASS,PASS,PASS,PASS,none
1071-event-architecture,metodologia,near-moat,427,5,MOAT,PASS,PASS,PASS,PASS,PASS,PASS,PASS,PASS,PASS,none
1072-infrastructure-architecture,metodologia,near-moat,356,5,MOAT,PASS,PASS,PASS,PASS,PASS,PASS,PASS,PASS,PASS,none
1073-mobile-architecture,metodologia,near-moat,431,5,MOAT,PASS,PASS,PASS,PASS,PASS,PASS,PASS,PASS,PASS,none
1074-mobile-assessment,metodologia,near-moat,485,5,MOAT,PASS,PASS,PASS,PASS,PASS,PASS,PASS,PASS,PASS,none
1075-observability,metodologia,near-moat,438,5,MOAT,PASS,PASS,PASS,PASS,PASS,PASS,PASS,PASS,PASS,none
1076-roadmap-poc,metodologia,near-moat,393,5,MOAT,PASS,PASS,PASS,PASS,PASS,PASS,PASS,PASS,PASS,none
1077-software-architecture,metodologia,near-moat,351,5,MOAT,PASS,PASS,PASS,PASS,PASS,PASS,PASS,PASS,PASS,none
1078-solution-roadmap,metodologia,near-moat,297,5,MOAT,PASS,PASS,PASS,PASS,PASS,PASS,PASS,PASS,PASS,none
1079-solutions-architecture,metodologia,near-moat,370,5,MOAT,PASS,PASS,PASS,PASS,PASS,PASS,PASS,PASS,PASS,none
1080-workshop-design,metodologia,near-moat,365,5,MOAT,PASS,PASS,PASS,PASS,PASS,PASS,PASS,PASS,PASS,none
1081-workshop-facilitator,metodologia,near-moat,300,5,MOAT,PASS,PASS,PASS,PASS,PASS,PASS,PASS,PASS,PASS,none
2061-html-brand,metodologia,near-moat,387,5,MOAT,PASS,PASS,PASS,PASS,PASS,PASS,PASS,PASS,PASS,none
4027-analytics-engineering,metodologia,near-moat,472,5,MOAT,PASS,PASS,PASS,PASS,PASS,PASS,PASS,PASS,PASS,none
4028-data-engineering,metodologia,near-moat,468,5,MOAT,PASS,PASS,PASS,PASS,PASS,PASS,PASS,PASS,PASS,none
4029-data-governance,metodologia,near-moat,388,5,MOAT,PASS,PASS,PASS,PASS,PASS,PASS,PASS,PASS,PASS,none
4030-data-quality,metodologia,near-moat,386,5,MOAT,PASS,PASS,PASS,PASS,PASS,PASS,PASS,PASS,PASS,none
4031-data-storytelling,metodologia,near-moat,343,5,MOAT,PASS,PASS,PASS,PASS,PASS,PASS,PASS,PASS,PASS,none
5022-security-architecture,metodologia,near-moat,405,5,MOAT,PASS,PASS,PASS,PASS,PASS,PASS,PASS,PASS,PASS,none
6030-quality-engineering,metodologia,near-moat,378,5,MOAT,PASS,PASS,PASS,PASS,PASS,PASS,PASS,PASS,PASS,none
7031-pipeline-governance,metodologia,near-moat,477,5,MOAT,PASS,PASS,PASS,PASS,PASS,PASS,PASS,PASS,PASS,none
8021-performance-engineering,metodologia,near-moat,410,5,MOAT,PASS,PASS,PASS,PASS,PASS,PASS,PASS,PASS,PASS,none
9129-copywriting,metodologia,near-moat,294,5,MOAT,PASS,PASS,PASS,PASS,PASS,PASS,PASS,PASS,PASS,none
9130-mermaid-diagramming,metodologia,near-moat,280,5,MOAT,PASS,PASS,PASS,PASS,PASS,PASS,PASS,PASS,PASS,none
9131-storytelling,metodologia,near-moat,353,5,MOAT,PASS,PASS,PASS,PASS,PASS,PASS,PASS,PASS,PASS,none
9132-technical-writing,metodologia,near-moat,349,5,MOAT,PASS,PASS,PASS,PASS,PASS,PASS,PASS,PASS,PASS,none
